depth,features_per_partition,c1,c2,c3,c4,c5,c6,f1_score,num_flows,Timestamp
22,1,0.75,1.0,0.75,0.25,0.25,0.2,-0.1425266772510819,-786432.0,1733869772653
38,1,0.25,0.75,0.75,0.0,0.75,0.4,-0.08424712483662897,-786432.0,1733869772653
21,1,0.5,0.25,0.0,0.75,0.5,0.0,-0.15887651484761986,-786432.0,1733869772653
11,1,1.0,0.25,0.0,0.25,1.0,0.4,-0.12226627285093687,-786432.0,1733869772653
50,1,0.5,0.75,0.5,0.0,0.0,0.0,-0.1910306624484475,-786432.0,1733869772653
45,1,0.0,0.5,0.25,0.5,0.25,0.4,-0.23874406151055674,-786432.0,1733869772653
14,1,0.75,0.0,0.75,0.5,1.0,0.8,-0.1743305495713031,-786432.0,1733869772653
49,1,0.5,0.5,0.0,0.0,1.0,0.4,-0.20223244914869043,-786432.0,1733869772653
8,1,0.75,0.25,0.0,0.0,0.25,0.6,-0.12063811019363374,-786432.0,1733869772653
19,1,0.5,0.75,0.0,1.0,0.25,0.4,-0.1797902318638724,-786432.0,1733869772653
5,1,1.0,1.0,0.5,0.5,1.0,0.2,-0.08582482516163165,-786432.0,1733869772653
42,1,0.5,0.0,0.5,0.75,0.5,0.4,-0.1643399133517507,-786432.0,1733869772653
21,1,0.5,0.25,0.5,0.25,0.5,0.4,-0.13037943984861353,-786432.0,1733869772653
8,1,0.75,0.75,0.25,0.75,1.0,0.6,-0.07203166300061593,-786432.0,1733869772653
8,1,0.25,0.75,0.75,0.25,0.0,0.0,-0.0374614723231784,-983040.0,1733869772653
38,1,1.0,0.25,1.0,1.0,0.5,0.4,-0.20045568000457484,-786432.0,1733869772653
15,1,1.0,0.0,0.25,1.0,0.75,0.6,-0.232162692273112,-786432.0,1733869772653
16,1,0.25,0.0,1.0,0.0,0.75,0.8,-0.15474958013739762,-786432.0,1733869772653
24,1,0.0,0.0,1.0,0.25,0.75,0.0,-0.18297933181043946,-786432.0,1733869772653
10,1,0.5,0.0,0.25,0.75,0.75,0.8,-0.09509358347241487,-786432.0,1733869772653
39,1,0.25,0.5,0.0,1.0,1.0,0.2,-0.0980142236917376,-786432.0,1733869772653
47,1,0.0,0.0,0.5,0.0,0.5,0.6,-0.17191308557381899,-983040.0,1733869772653
47,1,0.25,0.0,0.0,1.0,0.5,0.8,-0.1478330041560595,-786432.0,1733869772653
9,1,0.0,0.0,0.0,0.75,0.25,0.8,-0.1033478656915667,-786432.0,1733869772653
11,1,0.0,0.5,0.5,0.25,0.25,0.4,-0.20863980710737123,-786432.0,1733869772653
19,1,1.0,0.75,0.25,0.0,0.75,0.8,-0.21625039459387965,-786432.0,1733869772653
29,1,0.75,1.0,0.75,0.75,1.0,0.0,-0.17886749136427868,-786432.0,1733869772653
12,1,0.25,0.0,0.5,0.75,0.5,0.8,-0.1355828290655666,-786432.0,1733869772653
15,1,0.25,0.0,0.5,1.0,0.5,0.4,-0.15949567097276468,-786432.0,1733869772653
24,1,0.5,1.0,0.5,0.5,0.0,0.0,-0.1592966844945305,-786432.0,1733869772653
33,1,0.0,0.0,0.75,0.25,0.0,0.0,-0.1643006711066782,-786432.0,1733869772653
38,1,1.0,0.5,0.5,0.25,0.25,0.6,-0.21185976680713503,-786432.0,1733869772653
35,1,1.0,0.75,0.0,0.25,1.0,0.4,-0.21442749136074415,-786432.0,1733869772653
12,1,0.25,0.75,0.25,0.75,0.25,0.8,-0.1177352165860257,-786432.0,1733869772653
18,1,1.0,0.5,0.0,0.0,0.25,0.8,-0.22828582404575604,-786432.0,1733869772653
23,1,0.5,0.5,0.0,0.25,1.0,0.6,-0.17197866521839225,-786432.0,1733869772653
6,1,0.25,0.75,0.0,0.25,0.5,0.4,-0.08632841354312394,-786432.0,1733869772653
14,1,0.5,0.5,0.5,1.0,0.0,0.0,-0.1830486599580462,-786432.0,1733869772653
45,1,1.0,0.25,1.0,0.5,0.5,0.8,-0.14886730863146497,-786432.0,1733869772653
19,1,0.75,0.0,0.5,1.0,0.25,0.2,-0.23077484386388836,-786432.0,1733869772653
44,1,0.75,0.75,0.25,0.0,1.0,0.8,-0.22242418306959222,-786432.0,1733869772653
19,1,1.0,0.5,0.75,0.25,0.25,0.4,-0.25782964062177005,-786432.0,1733869772653
41,1,0.5,0.5,0.5,0.5,0.25,0.0,-0.17166205123444434,-786432.0,1733869772653
47,1,0.25,0.5,0.0,0.5,0.25,0.2,-0.0842005847717868,-786432.0,1733869772653
50,1,0.25,1.0,0.5,0.75,0.75,0.8,-0.12832247915334066,-786432.0,1733869772653
23,1,0.25,0.0,0.75,1.0,0.75,0.2,-0.16072413011660164,-786432.0,1733869772653
48,1,0.0,1.0,1.0,0.75,0.0,0.0,-0.17338364792706676,-786432.0,1733869772653
32,1,0.5,0.75,1.0,0.0,1.0,0.2,-0.21177542471278563,-786432.0,1733869772653
34,1,1.0,0.0,0.75,0.75,0.25,0.6,-0.22276704009627574,-786432.0,1733869772653
10,1,1.0,0.25,1.0,0.0,0.25,0.4,-0.07744742530790998,-786432.0,1733869772653
46,1,0.25,0.0,0.0,0.25,0.75,0.0,-0.15192404625252304,-786432.0,1733869772653
20,1,1.0,0.0,0.75,0.5,1.0,0.6,-0.1783106731063344,-786432.0,1733869772653
22,1,0.25,1.0,0.5,0.0,0.0,0.8,-0.1581473190206478,-786432.0,1733869772653
7,1,0.0,0.75,0.5,0.5,0.25,0.8,-0.05470042146295087,-786432.0,1733869772653
42,1,0.5,0.0,0.75,0.25,1.0,0.6,-0.1641768378260066,-786432.0,1733869772653
5,1,1.0,0.5,0.75,1.0,1.0,0.6,-0.08582482516163165,-786432.0,1733869772653
21,1,0.5,0.75,0.5,0.5,0.0,0.6,-0.16983096990853314,-786432.0,1733869772653
7,1,0.75,0.25,0.75,0.5,0.0,0.8,-0.05528743105980424,-786432.0,1733869772653
33,1,0.5,0.25,1.0,0.75,1.0,0.0,-0.2235953445397538,-786432.0,1733869772653
25,1,0.5,1.0,0.25,0.5,0.0,0.8,-0.2487050949710994,-786432.0,1733869772653
29,1,1.0,0.5,0.0,0.75,0.25,0.4,-0.1824060693076903,-786432.0,1733869772653
17,1,1.0,0.25,0.75,0.0,0.5,0.4,-0.17208048284783395,-786432.0,1733869772653
24,1,0.5,0.5,0.0,0.0,0.0,0.4,-0.21469238098786808,-786432.0,1733869772653
22,1,0.5,0.25,0.5,1.0,0.0,0.6,-0.14726856191178384,-786432.0,1733869772653
33,1,0.25,0.5,0.75,1.0,0.75,0.6,-0.10553336871975161,-786432.0,1733869772653
35,1,0.0,0.5,0.25,0.75,0.5,0.4,-0.2459562612274968,-786432.0,1733869772653
29,1,0.75,0.0,0.25,0.0,0.5,0.0,-0.20273282626079042,-786432.0,1733869772653
21,1,0.5,0.25,0.25,0.75,0.25,0.0,-0.14967224678533675,-786432.0,1733869772653
23,1,0.25,1.0,1.0,1.0,0.5,0.2,-0.11867910362354642,-786432.0,1733869772653
22,1,0.75,0.25,0.25,0.0,0.75,0.0,-0.1312472210321602,-786432.0,1733869772653
13,1,0.25,0.75,0.75,0.5,0.75,0.0,-0.12273262521780245,-786432.0,1733869772653
35,1,0.75,0.0,1.0,0.25,1.0,0.4,-0.19427555232317412,-786432.0,1733869772653
24,1,0.75,1.0,0.75,0.25,0.5,0.8,-0.19143824530854356,-786432.0,1733869772653
6,1,0.5,0.0,0.25,0.25,0.5,0.2,-0.0374614723231784,-983040.0,1733869772653
32,1,0.25,0.5,0.75,0.5,0.0,0.8,-0.10514504463226448,-786432.0,1733869772653
47,1,0.75,1.0,1.0,0.75,0.75,0.2,-0.16044216815320672,-786432.0,1733869772653
26,1,0.0,0.25,1.0,0.75,1.0,0.8,-0.22908279258387668,-786432.0,1733869772653
16,1,0.25,0.0,0.25,0.0,1.0,0.8,-0.1303257161068102,-786432.0,1733869772653
12,1,0.25,0.5,0.0,0.5,1.0,0.2,-0.13628193388033064,-786432.0,1733869772653
47,1,0.5,0.0,1.0,0.5,1.0,0.0,-0.13230995350877328,-786432.0,1733869772653
28,1,0.75,1.0,1.0,1.0,0.25,0.8,-0.18912634822177504,-786432.0,1733869772653
50,1,0.0,0.0,0.75,1.0,0.5,0.4,-0.16507505530747044,-983040.0,1733869772653
46,1,0.25,0.25,0.5,0.75,0.0,0.0,-0.1687239746598553,-786432.0,1733869772653
42,1,0.0,1.0,0.0,0.75,0.0,0.2,-0.17647689898918484,-786432.0,1733869772653
6,1,0.75,0.25,0.25,0.25,0.0,0.6,-0.03228136813506525,-786432.0,1733869772653
29,1,0.5,0.25,0.5,0.75,0.0,0.6,-0.2287286198013824,-786432.0,1733869772653
5,1,0.75,0.5,1.0,0.25,1.0,0.6,-0.08582482516163165,-786432.0,1733869772653
44,1,0.0,0.5,0.75,1.0,0.25,0.6,-0.2387677578539872,-786432.0,1733869772653
37,1,0.25,0.5,1.0,0.0,1.0,0.4,-0.09804175794628091,-786432.0,1733869772653
20,1,0.75,0.25,0.5,1.0,0.75,0.4,-0.19417460282500051,-786432.0,1733869772653
16,1,1.0,0.0,0.5,1.0,0.5,0.4,-0.22665918834221635,-786432.0,1733869772653
31,1,0.75,0.0,0.5,0.5,0.0,0.8,-0.1361776629911143,-786432.0,1733869772653
27,1,0.75,0.0,0.5,0.5,0.0,0.6,-0.13876670468403596,-786432.0,1733869772653
18,1,1.0,0.75,1.0,0.0,0.25,0.8,-0.22157912548257186,-786432.0,1733869772653
49,1,0.75,0.0,0.5,1.0,1.0,0.6,-0.19345920230571576,-786432.0,1733869772653
50,1,1.0,0.25,0.0,0.0,0.0,0.0,-0.2054012394106065,-786432.0,1733869772653
48,1,0.5,0.75,0.0,0.0,0.5,0.6,-0.193567847078394,-786432.0,1733869772653
7,1,0.75,0.0,0.0,0.0,0.25,0.2,-0.03855560392863999,-983040.0,1733869772653
37,1,0.0,0.5,0.25,0.5,1.0,0.8,-0.23731619424815603,-786432.0,1733869772653
7,1,1.0,0.5,0.75,0.0,0.75,0.6,-0.0903722408251649,-786432.0,1733869772653
36,1,0.25,0.0,0.25,0.0,1.0,0.6,-0.17220344300023985,-786432.0,1733869772653
33,1,0.25,1.0,0.75,0.0,0.0,0.8,-0.17427629642813824,-786432.0,1733869772653
11,1,0.25,0.0,0.75,0.5,0.0,0.8,-0.0374614723231784,-983040.0,1733869772653
31,1,1.0,0.25,0.0,0.0,0.5,0.6,-0.19641259206838807,-786432.0,1733869772653
48,1,0.75,0.25,0.75,0.5,0.0,0.2,-0.20374287420976328,-786432.0,1733869772653
34,1,0.0,0.5,0.75,0.0,1.0,0.6,-0.17128471290057454,-786432.0,1733869772653
35,1,0.0,0.75,0.25,0.0,0.75,0.0,-0.20941738948246688,-786432.0,1733869772653
12,1,0.25,0.75,0.0,0.25,0.75,0.8,-0.11075510329008027,-786432.0,1733869772653
40,1,0.0,1.0,1.0,0.0,1.0,0.8,-0.17519298919570198,-786432.0,1733869772653
8,1,0.25,1.0,1.0,0.25,0.75,0.2,-0.0374614723231784,-983040.0,1733869772653
16,1,0.25,0.5,1.0,0.0,0.5,0.4,-0.12010347495323993,-786432.0,1733869772653
26,1,1.0,0.75,0.5,1.0,1.0,0.4,-0.12756791289194122,-786432.0,1733869772653
20,1,0.25,0.25,0.0,0.25,0.25,0.6,-0.10439996901082431,-786432.0,1733869772653
31,1,0.0,0.5,0.75,0.75,1.0,0.0,-0.17729579348793176,-786432.0,1733869772653
41,1,0.25,0.75,0.0,0.5,1.0,0.4,-0.0842005847717868,-786432.0,1733869772653
5,1,0.0,1.0,0.0,0.0,1.0,0.2,-0.05739295340389261,-786432.0,1733869772653
12,1,0.25,1.0,0.25,0.75,0.5,0.2,-0.1228178677858608,-786432.0,1733869772653
28,1,0.0,0.5,0.75,1.0,1.0,0.6,-0.25046087335771877,-786432.0,1733869772653
34,1,0.5,0.5,0.25,0.25,0.5,0.2,-0.13142948332514093,-786432.0,1733869772653
35,1,0.5,1.0,0.75,0.25,0.25,0.0,-0.19629796584579276,-786432.0,1733869772653
48,1,1.0,0.5,0.0,0.75,0.25,0.8,-0.24124425060953,-786432.0,1733869772653
44,1,1.0,1.0,1.0,0.25,1.0,0.6,-0.15647850513485917,-786432.0,1733869772653
45,1,0.75,1.0,1.0,0.25,0.5,0.6,-0.16044216815320672,-786432.0,1733869772653
29,1,0.25,0.0,0.75,0.5,1.0,0.0,-0.1732152686993106,-786432.0,1733869772653
15,1,0.25,1.0,0.5,0.75,0.75,0.8,-0.11518068348575428,-786432.0,1733869772653
31,1,0.25,1.0,0.25,0.75,0.5,0.6,-0.10282701077600503,-786432.0,1733869772653
12,1,0.75,0.25,0.5,0.25,0.75,0.4,-0.15382745452166185,-786432.0,1733869772653
9,1,1.0,0.0,0.0,0.0,0.25,0.4,-0.1597073203302272,-786432.0,1733869772653
27,1,0.75,1.0,1.0,0.5,0.25,0.8,-0.1899315746280311,-786432.0,1733869772653
32,1,0.75,0.25,0.0,1.0,0.5,0.8,-0.23117533473538868,-786432.0,1733869772653
26,1,0.25,0.75,0.5,0.25,0.75,0.2,-0.11184119366847002,-786432.0,1733869772653
30,1,0.75,0.25,0.25,0.5,0.75,0.6,-0.18327159331527088,-786432.0,1733869772653
21,1,0.25,0.0,0.0,0.0,0.25,0.6,-0.03855560392863999,-983040.0,1733869772653
27,1,0.5,1.0,0.25,0.0,0.25,0.6,-0.21681477463156984,-786432.0,1733869772653
5,1,0.75,0.5,0.25,1.0,0.25,0.6,-0.08169964614369883,-786432.0,1733869772653
45,1,1.0,0.5,0.0,0.75,0.25,0.2,-0.24760771718127028,-786432.0,1733869772653
17,1,0.0,0.5,0.5,0.25,0.25,0.0,-0.2320108791870333,-786432.0,1733869772653
21,1,0.5,0.25,1.0,0.5,0.5,0.0,-0.139335920443679,-786432.0,1733869772653
36,1,1.0,0.75,0.75,0.75,0.5,0.8,-0.20852245431127786,-786432.0,1733869772653
24,1,0.0,1.0,0.5,1.0,0.25,0.4,-0.25529610438738487,-786432.0,1733869772653
45,1,1.0,0.75,0.75,0.75,0.25,0.0,-0.266012234437253,-786432.0,1733869772653
49,1,0.25,1.0,0.25,0.0,0.25,0.8,-0.20385805878390767,-786432.0,1733869772653
20,1,0.75,0.5,1.0,1.0,0.75,0.8,-0.16175373896815948,-786432.0,1733869772653
13,1,0.75,0.0,0.25,0.5,0.25,0.6,-0.16802653204312953,-786432.0,1733869772653
34,1,0.25,0.25,1.0,0.75,0.75,0.4,-0.10691496379718242,-786432.0,1733869772653
14,1,0.0,0.25,0.75,0.0,0.0,0.2,-0.21600424333365967,-786432.0,1733869772653
45,1,0.75,0.75,0.25,0.0,0.75,0.6,-0.22908279258387668,-786432.0,1733869772653
13,1,0.5,1.0,0.0,0.75,0.0,0.6,-0.16763782808282246,-786432.0,1733869772653
38,1,0.75,0.5,0.75,0.0,0.5,0.0,-0.20761665669001603,-786432.0,1733869772653
8,1,0.0,1.0,0.0,0.25,0.75,0.0,-0.1104346570339394,-786432.0,1733869772653
17,1,0.75,1.0,1.0,0.75,0.5,0.2,-0.1777744633624042,-786432.0,1733869772653
27,1,0.5,0.5,0.5,0.25,1.0,0.8,-0.13499127146709142,-786432.0,1733869772653
14,1,1.0,1.0,1.0,0.0,0.0,0.0,-0.2039182116254592,-786432.0,1733869772653
18,1,0.0,0.5,0.0,0.5,0.0,0.2,-0.20147281937491365,-786432.0,1733869772653
15,1,0.5,0.25,0.5,1.0,0.25,0.0,-0.1766261871877722,-786432.0,1733869772653
15,1,0.25,0.75,0.75,0.5,0.5,0.4,-0.10887202471193311,-786432.0,1733869772653
43,1,0.5,0.25,0.75,0.75,0.75,0.8,-0.1814554032107919,-786432.0,1733869772653
8,1,0.75,1.0,0.5,1.0,0.75,0.0,-0.07203166300061593,-786432.0,1733869772653
41,1,0.5,1.0,0.5,0.5,0.75,0.2,-0.180795215301247,-786432.0,1733869772653
30,1,0.75,1.0,0.5,0.75,0.25,0.2,-0.1734403907786341,-786432.0,1733869772653
21,1,0.75,0.25,0.25,1.0,0.75,0.4,-0.18025879884737048,-786432.0,1733869772653
15,1,0.0,0.5,0.25,0.5,0.25,0.4,-0.22342919459278412,-786432.0,1733869772653
5,1,0.75,0.25,0.75,0.5,0.0,0.4,-0.08582482516163165,-786432.0,1733869772653
26,1,0.25,0.75,0.0,1.0,0.75,0.0,-0.18830358788959192,-786432.0,1733869772653
26,1,0.75,0.0,0.75,0.5,0.25,0.8,-0.16847406896755604,-786432.0,1733869772653
12,1,1.0,0.75,0.0,0.25,1.0,0.6,-0.19317916377770858,-786432.0,1733869772653
31,1,0.0,0.5,0.25,0.5,0.5,0.4,-0.2466625812685502,-786432.0,1733869772653
42,1,1.0,0.5,0.75,1.0,0.5,0.4,-0.15240169518921878,-786432.0,1733869772653
48,1,1.0,1.0,0.25,0.5,0.75,0.0,-0.239707583252236,-786432.0,1733869772653
10,1,0.25,0.25,0.75,0.0,0.25,0.4,-0.12501168746956257,-786432.0,1733869772653
49,1,0.5,0.5,0.5,0.25,1.0,0.8,-0.12362782450550062,-786432.0,1733869772653
45,1,0.75,0.25,0.25,0.0,1.0,0.0,-0.18289786175205705,-786432.0,1733869772653
20,1,0.0,0.0,0.5,0.5,0.0,0.0,-0.20135982432017596,-786432.0,1733869772653
32,1,1.0,1.0,1.0,0.5,0.5,0.8,-0.15885722453024212,-786432.0,1733869772653
10,1,0.25,0.0,0.25,0.0,0.75,0.2,-0.0374614723231784,-983040.0,1733869772653
40,1,0.75,0.0,0.5,0.0,0.0,0.2,-0.20457999047518097,-786432.0,1733869772653
45,1,0.0,0.0,1.0,0.25,0.25,0.8,-0.16507505530747044,-983040.0,1733869772653
30,1,0.5,0.25,0.5,0.5,0.0,0.4,-0.2287286198013824,-786432.0,1733869772653
43,1,0.75,1.0,0.0,1.0,0.5,0.4,-0.219725659431416,-786432.0,1733869772653
35,1,1.0,0.75,0.0,0.75,0.25,0.2,-0.21442749136074415,-786432.0,1733869772653
31,1,0.5,0.0,1.0,0.25,0.0,0.8,-0.12117330049819602,-786432.0,1733869772653
14,1,0.25,0.5,1.0,1.0,0.25,0.4,-0.12861012743670155,-786432.0,1733869772653
25,1,0.25,1.0,0.25,0.0,1.0,0.2,-0.10452706719898253,-786432.0,1733869772653
32,1,0.0,0.5,0.0,0.0,0.75,0.8,-0.20908343977353297,-786432.0,1733869772653
5,1,0.25,1.0,0.5,0.75,0.0,0.2,-0.08582482516163165,-786432.0,1733869772653
40,1,0.75,1.0,0.5,0.0,0.25,0.2,-0.22908279258387668,-786432.0,1733869772653
19,1,0.0,0.0,0.25,0.25,0.25,0.2,-0.1974910170638601,-786432.0,1733869772653
10,1,0.0,0.0,0.25,0.75,1.0,0.6,-0.14850935389454714,-786432.0,1733869772653
11,1,0.0,0.25,1.0,0.0,0.0,0.8,-0.19630571164712454,-786432.0,1733869772653
42,1,0.5,1.0,0.0,0.75,1.0,0.0,-0.1328853008541299,-786432.0,1733869772653
6,1,0.75,0.0,0.25,0.0,0.75,0.0,-0.03855560392863999,-786432.0,1733869772653
20,1,0.25,0.5,0.5,0.75,0.0,0.4,-0.15729647916806774,-786432.0,1733869772653
44,1,1.0,0.0,0.0,0.0,0.0,0.4,-0.19986412624744512,-786432.0,1733869772653
49,1,0.75,1.0,0.25,0.0,0.0,0.8,-0.18392024507971544,-786432.0,1733869772653
43,1,1.0,0.75,0.25,0.75,0.75,0.8,-0.1589867728831555,-786432.0,1733869772653
40,1,0.75,0.0,0.75,1.0,0.0,0.2,-0.16848304786512316,-786432.0,1733869772653
41,1,1.0,0.0,0.5,1.0,0.75,0.0,-0.18292236172025664,-786432.0,1733869772653
15,1,0.0,0.75,0.75,1.0,0.5,0.6,-0.24390906860043765,-786432.0,1733869772653
21,1,0.25,0.75,0.0,0.25,0.75,0.0,-0.14002739791324717,-786432.0,1733869772653
47,1,1.0,0.25,0.0,0.5,0.75,0.0,-0.1916909456132026,-786432.0,1733869772653
14,1,0.0,0.75,0.5,1.0,1.0,0.6,-0.256184809645652,-786432.0,1733870200096
7,1,0.0,0.75,0.75,1.0,1.0,0.2,-0.08075397184813653,-786432.0,1733870200096
22,1,0.0,0.75,0.75,1.0,1.0,0.6,-0.20737926283373245,-786432.0,1733870200096
50,1,0.0,0.0,0.75,1.0,0.5,0.0,-0.17188622732947154,-983040.0,1733870200096
50,1,0.0,0.0,0.0,1.0,0.0,0.4,-0.16281868645322686,-983040.0,1733870200096
50,1,0.0,0.0,0.25,0.25,0.0,0.6,-0.1720215814794596,-786432.0,1733870200096
49,1,0.0,0.0,0.75,0.25,0.75,0.8,-0.16507505530747044,-983040.0,1733870200096
48,1,0.0,0.0,0.25,1.0,0.75,0.4,-0.16507505530747044,-983040.0,1733870200096
48,1,1.0,0.0,0.0,0.75,0.0,0.8,-0.20898924994151247,-786432.0,1733870200096
39,1,0.0,1.0,0.25,1.0,0.25,0.0,-0.17720821432744582,-786432.0,1733870200096
7,1,0.5,0.0,0.0,0.0,0.75,0.2,-0.06740794546395867,-983040.0,1733870652886
7,1,0.75,0.0,0.0,0.0,0.25,0.0,-0.06740612184111307,-786432.0,1733870652886
7,1,0.25,0.0,0.0,0.5,0.75,0.2,-0.03855560392863999,-983040.0,1733870652886
8,1,0.0,0.0,0.0,0.25,0.0,0.6,-0.1079763717768543,-786432.0,1733870652886
7,1,0.25,0.0,1.0,0.0,0.5,0.4,-0.03855560392863999,-983040.0,1733870652886
50,1,1.0,0.0,0.0,0.5,0.25,0.8,-0.17090139054151607,-786432.0,1733870652886
49,1,0.5,0.25,0.25,0.75,0.0,0.0,-0.21829304507143132,-786432.0,1733870652886
7,1,0.75,0.0,1.0,0.25,0.25,0.0,-0.03855560392863999,-983040.0,1733870652886
49,1,0.0,0.0,0.25,0.5,0.5,0.0,-0.1720215814794596,-786432.0,1733870652886
50,1,0.0,0.0,1.0,1.0,0.0,0.0,-0.16281868645322686,-983040.0,1733870652886
6,1,0.25,0.0,0.75,0.0,0.75,0.8,-0.03855560392863999,-786432.0,1733871082607
14,1,1.0,0.25,0.75,1.0,0.0,0.0,-0.22495405632188106,-786432.0,1733871082607
5,1,0.25,0.0,1.0,0.25,0.0,0.6,-0.03843655538112206,-786432.0,1733871082607
15,1,1.0,0.25,0.75,0.25,0.0,0.4,-0.18823659020601388,-786432.0,1733871082607
5,1,0.5,0.25,1.0,0.0,0.25,0.2,-0.08582482516163165,-786432.0,1733871082607
19,1,1.0,0.0,0.75,0.75,0.0,0.0,-0.17263709311438502,-786432.0,1733871082607
17,1,1.0,0.0,0.75,1.0,0.25,0.0,-0.1442313758455459,-786432.0,1733871082607
36,1,0.25,0.75,0.5,0.75,0.0,0.4,-0.09384887632371654,-786432.0,1733871082607
7,1,0.25,0.0,0.75,0.0,0.5,0.8,-0.03855560392863999,-983040.0,1733871082607
7,1,0.5,0.0,1.0,0.25,1.0,0.4,-0.03855560392863999,-983040.0,1733871082607
14,1,0.0,1.0,0.25,1.0,0.5,0.8,-0.27168882955294965,-786432.0,1733871533918
8,1,0.25,1.0,0.75,0.5,1.0,0.8,-0.11501633765356149,-786432.0,1733871533918
8,1,0.25,0.0,0.75,0.25,0.25,0.8,-0.06602904628706759,-786432.0,1733871533918
15,1,0.0,0.25,0.5,1.0,0.5,0.8,-0.21898590741420207,-786432.0,1733871533918
7,1,0.25,0.0,0.75,0.0,0.25,0.8,-0.0374614723231784,-983040.0,1733871533918
39,1,0.5,0.75,0.75,0.0,0.0,0.0,-0.22219490382287663,-786432.0,1733871533918
14,1,0.0,0.25,0.25,1.0,0.5,0.6,-0.2276172578931393,-786432.0,1733871533918
7,1,0.25,0.0,0.25,0.0,0.5,0.8,-0.03843655538112206,-983040.0,1733871533918
15,1,0.0,0.75,0.25,1.0,1.0,0.6,-0.2560879637196113,-786432.0,1733871533918
7,1,0.25,0.0,1.0,0.0,0.75,0.8,-0.03855560392863999,-983040.0,1733871533918
48,1,0.0,0.0,1.0,0.0,0.0,0.8,-0.16281868645322686,-983040.0,1733871876459
48,1,0.0,0.0,0.75,0.0,1.0,0.8,-0.17188622732947154,-983040.0,1733871876459
50,1,0.0,0.0,1.0,1.0,1.0,0.8,-0.16507505530747044,-983040.0,1733871876459
16,1,1.0,0.75,0.75,0.0,0.0,0.0,-0.20620057056977087,-786432.0,1733871876459
50,1,0.0,1.0,0.0,1.0,1.0,0.4,-0.167603456704306,-786432.0,1733871876459
48,1,0.0,0.0,1.0,0.25,0.75,0.8,-0.16507505530747044,-983040.0,1733871876459
50,1,0.0,0.0,0.75,1.0,0.0,0.8,-0.17188622732947154,-983040.0,1733871876459
47,1,0.0,0.0,0.75,0.0,0.75,0.8,-0.17188622732947154,-983040.0,1733871876459
49,1,0.0,0.0,0.0,1.0,0.25,0.2,-0.17188622732947154,-983040.0,1733871876459
48,1,0.0,0.0,0.0,1.0,0.0,0.4,-0.16281868645322686,-983040.0,1733871876459
19,1,0.25,0.0,0.0,0.0,0.25,0.4,-0.03855560392863999,-983040.0,1733872342557
8,1,0.5,0.0,0.0,0.0,0.75,0.2,-0.06758848321724424,-983040.0,1733872342557
8,1,0.25,0.0,1.0,0.0,0.75,0.0,-0.03855560392863999,-983040.0,1733872342557
10,1,0.25,0.0,0.25,0.0,1.0,0.0,-0.03855560392863999,-983040.0,1733872342557
45,1,0.0,0.0,1.0,0.0,0.0,0.4,-0.16281868645322686,-983040.0,1733872342557
41,1,1.0,0.75,0.75,0.5,0.75,0.0,-0.19287660971133327,-786432.0,1733872342557
7,1,0.25,0.0,1.0,0.0,0.25,0.4,-0.0374614723231784,-983040.0,1733872342557
7,1,0.0,0.0,0.25,0.0,0.5,0.4,-0.1016408692068997,-786432.0,1733872342557
7,1,0.25,0.0,0.0,0.0,0.75,0.2,-0.06740794546395867,-983040.0,1733872342557
12,1,0.25,0.0,1.0,0.0,0.5,0.4,-0.1184558796923852,-786432.0,1733872342557
11,1,0.25,0.0,0.0,0.0,0.75,0.6,-0.03855560392863999,-983040.0,1733872806456
41,1,0.0,0.5,0.0,0.75,1.0,0.2,-0.18768444228022124,-786432.0,1733872806456
11,1,0.25,0.0,1.0,0.0,1.0,0.8,-0.03855560392863999,-983040.0,1733872806456
23,1,0.75,0.75,1.0,0.25,0.0,0.2,-0.23316646124026946,-786432.0,1733872806456
23,1,1.0,0.0,0.5,1.0,0.5,0.0,-0.13974692711891024,-786432.0,1733872806456
10,1,0.25,0.0,0.0,0.0,1.0,0.6,-0.06862852621572618,-983040.0,1733872806456
11,1,0.25,0.0,1.0,0.0,0.25,0.8,-0.0374614723231784,-983040.0,1733872806456
7,1,0.25,0.0,0.0,0.0,1.0,0.6,-0.06740794546395867,-983040.0,1733872806456
13,1,1.0,0.0,0.0,1.0,1.0,0.6,-0.13860193327347736,-786432.0,1733872806456
8,1,0.5,0.0,0.0,0.5,1.0,0.2,-0.03855560392863999,-983040.0,1733872806456
7,1,0.5,0.0,0.75,0.5,0.25,0.4,-0.0374614723231784,-983040.0,1733873183194
7,1,0.5,0.0,0.5,0.25,0.25,0.4,-0.08419816848787409,-786432.0,1733873183194
7,1,0.5,0.0,1.0,0.0,0.25,0.2,-0.0374614723231784,-983040.0,1733873183194
5,1,0.5,0.0,1.0,0.25,0.5,0.2,-0.03843655538112206,-786432.0,1733873183194
5,1,0.5,0.0,0.0,0.5,0.0,0.2,-0.03843655538112206,-786432.0,1733873183194
7,1,0.5,0.0,1.0,0.25,0.5,0.0,-0.03855560392863999,-983040.0,1733873183194
6,1,0.5,0.0,0.25,1.0,0.75,0.4,-0.03855560392863999,-786432.0,1733873183194
7,1,0.5,0.0,1.0,0.0,1.0,0.4,-0.03855560392863999,-983040.0,1733873183194
14,1,0.5,0.0,1.0,0.0,0.0,0.0,-0.199782581999549,-786432.0,1733873183194
18,1,0.5,0.0,0.25,0.0,0.5,0.0,-0.18769377487587946,-786432.0,1733873183194
46,1,0.0,0.0,1.0,0.25,0.25,0.8,-0.16507505530747044,-983040.0,1733873677664
46,1,0.0,0.25,1.0,0.75,0.5,0.6,-0.2342434236049302,-786432.0,1733873677664
45,1,0.0,0.0,1.0,0.0,0.25,0.8,-0.17188622732947154,-983040.0,1733873677664
46,1,1.0,0.75,1.0,0.5,0.25,0.6,-0.15934981127574843,-786432.0,1733873677664
45,1,0.0,0.0,1.0,0.0,0.5,0.2,-0.17188622732947154,-983040.0,1733873677664
45,1,0.0,0.0,1.0,0.25,0.0,0.4,-0.17188622732947154,-983040.0,1733873677664
47,1,0.0,0.0,1.0,0.0,0.0,0.4,-0.16281868645322686,-983040.0,1733873677664
48,1,0.0,0.0,1.0,0.25,0.5,0.6,-0.16507505530747044,-983040.0,1733873677664
49,1,0.0,0.0,1.0,1.0,0.0,0.8,-0.17188622732947154,-983040.0,1733873677664
16,1,1.0,0.25,0.0,0.0,0.25,0.0,-0.22350264697738498,-786432.0,1733873677664
11,1,0.25,0.0,0.0,0.25,0.75,0.8,-0.0374614723231784,-983040.0,1733874139133
11,1,0.0,0.25,0.0,1.0,1.0,0.8,-0.1924869059041705,-786432.0,1733874139133
11,1,1.0,0.0,0.0,0.0,0.75,0.2,-0.1732955197013276,-786432.0,1733874139133
11,1,0.25,0.0,0.0,0.0,0.5,0.6,-0.03855560392863999,-983040.0,1733874139133
7,1,0.25,0.0,0.0,0.0,0.75,0.8,-0.06740794546395867,-983040.0,1733874139133
17,1,0.0,0.0,0.0,0.0,0.5,0.6,-0.17301592311260214,-786432.0,1733874139133
11,1,0.0,0.0,1.0,0.0,0.75,0.0,-0.19434926355922696,-786432.0,1733874139133
9,1,0.25,0.0,0.0,0.0,0.75,0.4,-0.06862852621572618,-786432.0,1733874139133
24,1,0.75,0.0,0.0,0.25,0.5,0.4,-0.1318972320833792,-786432.0,1733874139133
8,1,0.25,0.0,0.0,0.0,0.75,0.6,-0.06758848321724424,-983040.0,1733874139133
14,1,0.0,1.0,0.25,1.0,0.75,0.8,-0.256184809645652,-786432.0,1733874574896
15,1,0.0,1.0,0.25,1.0,0.5,0.8,-0.16916841308332847,-786432.0,1733874574896
48,1,0.75,0.0,0.25,1.0,0.5,0.4,-0.19467509259917257,-786432.0,1733874574896
48,1,0.5,0.0,0.25,1.0,0.5,0.2,-0.19285288942358314,-786432.0,1733874574896
48,1,0.0,0.0,0.75,1.0,0.25,0.2,-0.16507505530747044,-983040.0,1733874574896
48,1,0.0,0.0,1.0,1.0,0.0,0.8,-0.17188622732947154,-983040.0,1733874574896
48,1,0.0,0.0,0.0,1.0,0.0,0.6,-0.16281868645322686,-983040.0,1733874574896
15,1,0.0,1.0,0.5,1.0,0.25,0.4,-0.2191641890392598,-786432.0,1733874574896
48,1,0.0,0.0,0.0,1.0,0.75,0.2,-0.17188622732947154,-983040.0,1733874574896
14,1,0.0,0.75,1.0,1.0,1.0,0.8,-0.19441929467510605,-786432.0,1733874574896
13,1,0.0,1.0,0.25,1.0,0.75,0.8,-0.2088229367230506,-786432.0,1733875125745
15,1,0.5,0.25,0.25,1.0,0.75,0.4,-0.13855299969978227,-786432.0,1733875125745
14,1,0.0,1.0,0.25,1.0,1.0,0.4,-0.256184809645652,-786432.0,1733875125745
15,1,0.0,0.75,0.5,1.0,1.0,0.4,-0.24128104738405054,-786432.0,1733875125745
11,1,0.25,1.0,0.25,1.0,0.75,0.8,-0.11040811735455582,-786432.0,1733875125745
16,1,0.25,0.0,0.0,1.0,0.75,0.0,-0.03855560392863999,-983040.0,1733875125745
11,1,0.25,0.0,0.0,0.0,0.5,0.0,-0.06862852621572618,-983040.0,1733875125745
48,1,0.0,0.0,0.0,1.0,0.0,0.0,-0.17727673117161072,-983040.0,1733875125745
8,1,0.25,0.0,0.0,0.5,1.0,0.0,-0.03855560392863999,-983040.0,1733875125745
8,1,0.5,0.0,0.0,0.5,1.0,0.8,-0.03855560392863999,-983040.0,1733875125745
39,1,0.25,0.0,0.0,0.0,0.25,0.4,-0.15056523050539383,-786432.0,1733875619965
37,1,0.25,0.0,0.0,0.0,0.25,0.0,-0.21718892114664118,-786432.0,1733875619965
32,1,0.25,0.0,0.0,0.0,0.25,0.4,-0.15308160367214507,-786432.0,1733875619965
38,1,0.25,1.0,1.0,0.25,0.75,0.6,-0.09568982067215366,-786432.0,1733875619965
35,1,0.25,1.0,1.0,0.0,0.75,0.6,-0.08424712483662897,-786432.0,1733875619965
39,1,0.25,0.0,0.0,0.25,1.0,0.4,-0.1577321287174337,-786432.0,1733875619965
28,1,0.25,0.0,0.0,0.0,0.0,0.0,-0.17835113088096416,-786432.0,1733875619965
25,1,0.25,0.0,0.0,0.0,0.25,0.6,-0.16596458271218706,-786432.0,1733875619965
26,1,0.0,0.25,0.0,0.0,0.0,0.8,-0.2226588369721604,-786432.0,1733875619965
22,1,0.25,0.0,0.0,0.0,0.25,0.0,-0.06862852621572618,-983040.0,1733875619965
7,1,0.75,0.0,0.75,0.25,0.25,0.2,-0.0374614723231784,-983040.0,1733876004759
28,1,0.75,0.75,1.0,1.0,0.5,0.0,-0.18402818942764887,-786432.0,1733876004759
36,1,0.75,0.0,1.0,0.25,0.0,0.0,-0.17981214501948475,-786432.0,1733876004759
8,1,1.0,0.0,1.0,0.25,0.5,0.2,-0.06895910244218885,-786432.0,1733876004759
45,1,1.0,0.75,1.0,0.75,0.25,0.0,-0.266012234437253,-786432.0,1733876004759
25,1,1.0,0.75,1.0,0.0,0.0,0.0,-0.2135030779949054,-786432.0,1733876004759
37,1,0.75,0.75,1.0,0.0,0.0,0.2,-0.21829304507143132,-786432.0,1733876004759
15,1,1.0,0.75,1.0,0.25,0.0,0.2,-0.26532798134268,-786432.0,1733876004759
5,1,0.75,0.0,1.0,0.0,1.0,0.0,-0.03843655538112206,-786432.0,1733876004759
23,1,1.0,0.5,1.0,0.0,0.25,0.2,-0.21753032115653598,-786432.0,1733876004759
17,1,0.25,0.0,0.0,0.0,0.25,0.6,-0.03855560392863999,-983040.0,1733876463401
19,1,0.25,1.0,0.0,0.0,0.0,0.0,-0.06758848321724424,-983040.0,1733876463401
8,1,0.75,0.75,0.0,0.25,0.0,0.0,-0.14940072712124697,-786432.0,1733876463401
18,1,0.25,0.0,0.0,0.0,0.25,0.6,-0.03855560392863999,-983040.0,1733876463401
18,1,0.75,0.0,0.25,1.0,0.25,0.6,-0.1666415386388137,-786432.0,1733876463401
16,1,1.0,0.0,0.0,0.0,0.0,0.8,-0.1575626355480728,-786432.0,1733876463401
8,1,0.25,1.0,0.25,0.25,0.0,0.0,-0.0374614723231784,-983040.0,1733876463401
19,1,0.25,0.0,0.0,0.0,0.25,0.2,-0.03855560392863999,-983040.0,1733876463401
20,1,0.5,0.0,0.0,0.0,0.25,0.4,-0.17765274680280518,-786432.0,1733876463401
21,1,1.0,0.0,0.0,0.0,0.0,0.8,-0.1667500543421176,-786432.0,1733876463401
37,1,0.0,0.75,0.5,0.5,0.25,0.4,-0.23450090779684063,-786432.0,1733876847424
45,1,0.0,0.0,1.0,1.0,0.0,0.4,-0.17188622732947154,-983040.0,1733876847424
47,1,0.0,0.0,0.75,0.75,0.0,0.8,-0.17188622732947154,-983040.0,1733876847424
47,1,0.0,0.0,0.75,0.0,0.0,0.8,-0.16281868645322686,-983040.0,1733876847424
48,1,0.0,0.0,0.75,0.25,0.0,0.8,-0.17188622732947154,-983040.0,1733876847424
47,1,0.0,0.0,0.75,0.0,0.25,0.8,-0.17188622732947154,-983040.0,1733876847424
38,1,0.0,0.25,0.25,0.0,0.75,0.0,-0.21817748689866873,-786432.0,1733876847424
16,1,0.5,0.0,1.0,0.5,0.75,0.6,-0.1064209342975288,-786432.0,1733876847424
12,1,0.25,0.0,1.0,0.75,0.5,0.6,-0.12795275574985068,-786432.0,1733876847424
42,1,0.0,0.5,0.5,0.5,0.5,0.8,-0.2342767627291882,-786432.0,1733876847424
9,1,0.25,0.0,0.25,0.25,0.75,0.0,-0.0374614723231784,-983040.0,1733877282792
8,1,0.25,0.0,0.25,0.5,0.75,0.0,-0.0374614723231784,-983040.0,1733877282792
7,1,0.25,0.0,0.75,0.5,0.25,0.0,-0.03855560392863999,-983040.0,1733877282792
10,1,0.0,0.0,1.0,0.5,0.0,0.0,-0.1640461746762592,-786432.0,1733877282792
10,1,0.25,0.0,0.5,0.0,1.0,0.0,-0.03855560392863999,-983040.0,1733877282792
11,1,0.0,0.75,0.5,1.0,1.0,0.0,-0.2122429403012664,-786432.0,1733877282792
15,1,1.0,0.25,1.0,1.0,1.0,0.0,-0.1812333592092077,-786432.0,1733877282792
8,1,0.25,0.0,0.0,0.75,1.0,0.0,-0.03855560392863999,-983040.0,1733877282792
8,1,0.25,0.0,0.75,0.0,1.0,0.0,-0.03855560392863999,-983040.0,1733877282792
10,1,0.25,0.0,0.0,0.5,1.0,0.0,-0.03855560392863999,-983040.0,1733877282792
8,1,0.25,0.0,0.75,0.0,0.25,0.2,-0.0374614723231784,-983040.0,1733877741481
14,1,0.0,1.0,0.25,0.5,0.25,0.8,-0.2622679047156293,-786432.0,1733877741481
14,1,0.0,1.0,0.25,1.0,0.25,0.8,-0.18739232975657377,-786432.0,1733877741481
7,1,0.25,0.0,0.75,0.0,0.25,0.2,-0.0374614723231784,-983040.0,1733877741481
7,1,0.25,0.0,0.75,0.75,0.25,0.0,-0.03855560392863999,-983040.0,1733877741481
14,1,0.0,1.0,0.25,0.75,0.75,0.6,-0.263842998662357,-786432.0,1733877741481
7,1,0.25,0.0,0.0,0.0,0.5,0.0,-0.06740794546395867,-983040.0,1733877741481
6,1,0.5,0.0,0.5,0.5,0.5,0.0,-0.0374614723231784,-983040.0,1733877741481
7,1,0.5,0.0,0.75,0.5,0.0,0.0,-0.03855560392863999,-983040.0,1733877741481
9,1,0.25,0.0,0.0,0.5,0.0,0.0,-0.06863566685553281,-983040.0,1733877741481
45,1,1.0,0.5,0.25,0.75,0.0,0.2,-0.2514662735888344,-786432.0,1733878234189
45,1,1.0,0.75,0.25,0.75,0.25,0.2,-0.1589495223403825,-786432.0,1733878234189
49,1,0.25,0.75,0.5,0.5,1.0,0.6,-0.12962887504927834,-786432.0,1733878234189
49,1,0.0,0.5,0.75,0.75,1.0,0.4,-0.23663553821958258,-786432.0,1733878234189
50,1,0.0,0.0,1.0,0.75,1.0,0.2,-0.16507505530747044,-983040.0,1733878234189
48,1,0.0,0.0,1.0,0.0,1.0,0.8,-0.17188622732947154,-983040.0,1733878234189
48,1,0.0,0.0,0.5,1.0,1.0,0.8,-0.16507505530747044,-983040.0,1733878234189
48,1,0.0,0.75,0.5,0.5,1.0,0.8,-0.23436606768109633,-786432.0,1733878234189
49,1,0.0,0.0,0.75,0.25,1.0,0.8,-0.16507505530747044,-983040.0,1733878234189
47,1,1.0,0.5,1.0,1.0,1.0,0.0,-0.24760771718127028,-786432.0,1733878234189
8,1,0.25,0.0,0.75,0.75,0.0,0.0,-0.03855560392863999,-983040.0,1733878685610
8,1,0.25,0.0,0.75,0.75,0.25,0.0,-0.03855560392863999,-983040.0,1733878685610
7,1,0.25,0.0,0.75,0.5,0.0,0.0,-0.03855560392863999,-983040.0,1733878685610
28,1,0.75,1.0,0.0,0.0,0.25,0.2,-0.13956343688075074,-786432.0,1733878685610
29,1,0.5,0.0,0.25,0.75,0.0,0.2,-0.12416174428881496,-786432.0,1733878685610
7,1,0.25,0.0,0.75,1.0,0.25,0.0,-0.03855560392863999,-983040.0,1733878685610
21,1,0.25,1.0,0.0,0.0,0.0,0.0,-0.06862852621572618,-786432.0,1733878685610
6,1,0.5,0.0,0.75,0.5,0.0,0.0,-0.03843655538112206,-786432.0,1733878685610
32,1,0.25,0.0,1.0,0.5,0.75,0.2,-0.08394995465558254,-786432.0,1733878685610
7,1,0.25,0.0,0.75,0.5,0.5,0.0,-0.0374614723231784,-983040.0,1733878685610
8,1,0.5,0.0,0.5,0.5,0.25,0.8,-0.06602904628706759,-786432.0,1733879152534
8,1,0.5,0.0,0.0,0.0,0.5,0.8,-0.06758848321724424,-983040.0,1733879152534
8,1,0.5,0.0,1.0,0.25,1.0,0.8,-0.03855560392863999,-983040.0,1733879152534
7,1,0.5,0.0,1.0,0.0,0.75,0.8,-0.03855560392863999,-983040.0,1733879152534
7,1,0.5,0.0,1.0,0.0,0.75,0.4,-0.03855560392863999,-983040.0,1733879152534
6,1,0.5,0.0,1.0,0.0,1.0,0.4,-0.03855560392863999,-983040.0,1733879152534
7,1,0.5,0.0,1.0,0.0,1.0,0.2,-0.03855560392863999,-983040.0,1733879152534
7,1,0.5,0.0,1.0,0.25,1.0,0.0,-0.03855560392863999,-983040.0,1733879152534
6,1,0.5,0.0,0.0,0.75,0.75,0.8,-0.03855560392863999,-983040.0,1733879152534
7,1,0.5,0.0,0.0,0.25,1.0,0.2,-0.03855560392863999,-983040.0,1733879152534
14,1,0.0,1.0,0.0,0.75,0.75,0.4,-0.21581920773354485,-786432.0,1733879615419
14,1,0.25,0.0,0.0,1.0,0.25,0.0,-0.06862852621572618,-983040.0,1733879615419
14,1,1.0,0.0,0.0,0.75,0.25,0.2,-0.15051377512416417,-786432.0,1733879615419
11,1,0.25,0.0,0.75,0.75,0.25,0.0,-0.0374614723231784,-983040.0,1733879615419
41,1,0.0,0.0,0.0,1.0,0.0,0.8,-0.16281868645322686,-983040.0,1733879615419
45,1,0.0,0.0,0.5,1.0,0.0,0.8,-0.1720215814794596,-786432.0,1733879615419
46,1,0.0,0.0,1.0,0.75,0.0,0.4,-0.17188622732947154,-983040.0,1733879615419
47,1,0.0,0.0,0.75,1.0,0.0,0.8,-0.17188622732947154,-983040.0,1733879615419
27,1,0.0,1.0,0.25,1.0,0.0,0.4,-0.20682158647873647,-786432.0,1733879615419
47,1,0.0,0.0,1.0,1.0,0.0,0.4,-0.17188622732947154,-983040.0,1733879615419
6,1,0.5,0.0,0.0,0.0,0.5,0.0,-0.06411166340752854,-786432.0,1733880058772
11,1,1.0,0.5,0.25,0.25,0.0,0.2,-0.07781562879549687,-786432.0,1733880058772
6,1,0.5,0.0,0.25,0.0,1.0,0.2,-0.03855560392863999,-786432.0,1733880058772
6,1,0.25,0.0,0.0,0.0,0.75,0.0,-0.06411166340752854,-786432.0,1733880058772
5,1,0.5,0.0,0.5,0.25,0.5,0.0,-0.03843655538112206,-786432.0,1733880058772
5,1,0.5,0.0,0.0,0.75,1.0,0.8,-0.06094369542421459,-786432.0,1733880058772
6,1,0.5,0.0,0.0,0.25,0.25,0.6,-0.03855560392863999,-983040.0,1733880058772
6,1,0.0,0.0,0.5,1.0,0.25,0.0,-0.110925979810908,-786432.0,1733880058772
12,1,0.0,1.0,0.25,0.25,0.0,0.6,-0.19982338136686784,-786432.0,1733880058772
6,1,0.5,0.0,0.5,0.0,0.0,0.4,-0.03855560392863999,-786432.0,1733880058772
46,1,1.0,0.75,1.0,0.75,0.25,0.0,-0.2658841294619407,-786432.0,1733880422247
50,1,1.0,0.5,1.0,0.75,0.0,0.0,-0.17520672262580808,-786432.0,1733880422247
46,1,0.75,0.75,0.0,0.75,0.0,0.0,-0.21511021265472363,-786432.0,1733880422247
50,1,1.0,1.0,0.25,0.5,0.75,0.0,-0.239707583252236,-786432.0,1733880422247
46,1,0.0,0.75,0.0,0.75,0.75,0.0,-0.1773535723184166,-786432.0,1733880422247
12,1,0.0,0.75,0.0,1.0,0.0,0.0,-0.1761638456540855,-786432.0,1733880422247
49,1,1.0,1.0,0.25,0.5,0.5,0.0,-0.239707583252236,-786432.0,1733880422247
13,1,0.5,1.0,0.0,1.0,0.0,0.0,-0.20348685048471843,-786432.0,1733880422247
45,1,0.0,0.0,1.0,0.0,0.75,0.0,-0.16281868645322686,-983040.0,1733880422247
14,1,0.75,1.0,0.0,0.75,1.0,0.0,-0.1725775520739413,-786432.0,1733880422247
7,1,0.25,0.0,1.0,0.75,1.0,0.4,-0.0374614723231784,-983040.0,1733880859551
7,1,0.25,0.0,1.0,0.5,1.0,0.8,-0.0374614723231784,-983040.0,1733880859551
11,1,0.25,0.0,0.0,1.0,1.0,0.2,-0.03855560392863999,-983040.0,1733880859551
7,1,0.25,0.0,1.0,0.25,1.0,0.6,-0.03855560392863999,-983040.0,1733880859551
11,1,0.25,0.0,0.0,1.0,0.25,0.2,-0.03855560392863999,-983040.0,1733880859551
10,1,0.25,0.0,1.0,0.75,1.0,0.0,-0.0374614723231784,-983040.0,1733880859551
7,1,0.25,0.0,0.0,0.25,1.0,0.6,-0.03855560392863999,-983040.0,1733880859551
7,1,0.25,0.0,0.0,0.0,1.0,0.0,-0.06740794546395867,-983040.0,1733880859551
9,1,0.25,0.0,0.0,0.0,1.0,0.0,-0.06862852621572618,-786432.0,1733880859551
8,1,0.25,0.0,0.25,0.0,1.0,0.2,-0.03855560392863999,-983040.0,1733880859551
41,1,0.0,0.0,0.0,1.0,0.25,0.0,-0.16281868645322686,-983040.0,1733881286568
40,1,0.0,0.0,0.0,1.0,0.75,0.8,-0.17188622732947154,-983040.0,1733881286568
47,1,0.0,0.0,0.25,1.0,0.25,0.2,-0.16736919439352443,-786432.0,1733881286568
44,1,0.0,0.0,0.75,1.0,0.0,0.0,-0.16281868645322686,-983040.0,1733881286568
40,1,0.0,1.0,0.25,1.0,0.75,0.6,-0.2466946776482438,-786432.0,1733881286568
33,1,0.0,0.5,0.5,1.0,1.0,0.0,-0.17603561651733204,-786432.0,1733881286568
14,1,0.0,0.25,0.0,0.5,0.5,0.8,-0.14639685558558205,-786432.0,1733881286568
38,1,0.75,0.0,1.0,0.0,1.0,0.2,-0.1896603938630323,-786432.0,1733881286568
45,1,0.0,0.0,0.75,1.0,0.25,0.0,-0.17188622732947154,-983040.0,1733881286568
14,1,0.0,1.0,0.25,0.5,0.75,0.8,-0.263842998662357,-786432.0,1733881286568
11,1,0.25,0.0,0.75,0.0,0.75,0.4,-0.0374614723231784,-983040.0,1733881715412
11,1,0.25,0.0,0.75,0.0,1.0,0.8,-0.03855560392863999,-983040.0,1733881715412
26,1,0.75,1.0,0.5,0.75,0.0,0.6,-0.17873941673642885,-786432.0,1733881715412
33,1,1.0,1.0,1.0,0.5,0.5,0.0,-0.21859516091711778,-786432.0,1733881715412
8,1,0.25,0.0,0.75,0.0,1.0,0.4,-0.03855560392863999,-983040.0,1733881715412
45,1,1.0,0.75,1.0,0.25,0.25,0.0,-0.266012234437253,-786432.0,1733881715412
45,1,0.0,0.0,0.75,0.75,0.5,0.4,-0.16507505530747044,-983040.0,1733881715412
47,1,0.0,0.0,0.75,0.75,0.5,0.4,-0.16507505530747044,-983040.0,1733881715412
14,1,0.0,1.0,0.5,0.75,0.75,0.4,-0.263842998662357,-786432.0,1733881715412
14,1,0.0,1.0,0.25,0.75,0.75,0.4,-0.263842998662357,-786432.0,1733881715412
22,1,0.25,0.0,0.0,0.5,0.25,0.4,-0.1388837493621741,-786432.0,1733882159206
22,1,0.25,0.0,0.0,1.0,0.75,0.6,-0.13602144190383234,-786432.0,1733882159206
22,1,0.75,0.0,0.5,1.0,1.0,0.2,-0.21582639949991622,-786432.0,1733882159206
22,1,0.25,0.0,0.0,0.25,0.25,0.0,-0.03855560392863999,-983040.0,1733882159206
22,1,0.25,0.0,0.0,0.0,0.75,0.0,-0.06862852621572618,-983040.0,1733882159206
22,1,0.0,0.5,0.0,0.0,0.75,0.4,-0.2049408110807001,-786432.0,1733882159206
11,1,0.25,0.0,0.0,0.5,0.0,0.0,-0.06758848321724424,-983040.0,1733882159206
22,1,0.25,0.0,0.75,0.0,0.25,0.0,-0.03855560392863999,-983040.0,1733882159206
28,1,0.0,1.0,0.5,0.25,0.75,0.2,-0.23042490565838894,-786432.0,1733882159206
11,1,0.25,0.0,0.75,1.0,0.0,0.0,-0.03855560392863999,-983040.0,1733882159206
35,1,0.25,0.5,0.0,0.5,0.5,0.2,-0.10256025183190802,-786432.0,1733882509389
35,1,0.0,0.25,0.0,1.0,0.25,0.8,-0.17558911622771878,-786432.0,1733882509389
35,1,0.0,0.0,0.0,1.0,1.0,0.8,-0.17188622732947154,-983040.0,1733882509389
44,1,0.0,0.0,0.25,1.0,1.0,0.4,-0.167603456704306,-786432.0,1733882509389
48,1,0.0,0.0,0.25,1.0,1.0,0.6,-0.16507505530747044,-983040.0,1733882509389
47,1,0.0,0.0,0.5,1.0,1.0,0.8,-0.16507505530747044,-983040.0,1733882509389
35,1,0.0,0.25,0.25,1.0,0.75,0.6,-0.2658841294619407,-786432.0,1733882509389
48,1,0.0,0.0,0.5,1.0,1.0,0.2,-0.16507505530747044,-983040.0,1733882509389
46,1,0.0,0.0,0.75,1.0,1.0,0.8,-0.16507505530747044,-983040.0,1733882509389
33,1,0.0,0.5,0.75,1.0,1.0,0.8,-0.2421778285754966,-786432.0,1733882509389
7,1,0.25,0.0,0.75,0.75,0.0,0.8,-0.0374614723231784,-983040.0,1733882949515
8,1,0.25,0.0,0.0,1.0,0.0,0.8,-0.03855560392863999,-983040.0,1733882949515
7,1,0.25,0.0,0.0,0.75,0.0,0.0,-0.06740612184111307,-786432.0,1733882949515
16,1,0.0,0.25,0.75,1.0,0.25,0.4,-0.20035992978645015,-786432.0,1733882949515
8,1,0.5,0.0,1.0,0.75,0.0,0.0,-0.03855560392863999,-983040.0,1733882949515
9,1,0.25,0.0,0.75,1.0,0.0,0.2,-0.0374614723231784,-983040.0,1733882949515
10,1,0.25,0.0,0.5,1.0,0.0,0.0,-0.03855560392863999,-983040.0,1733882949515
7,1,0.25,0.0,0.75,1.0,0.75,0.0,-0.0374614723231784,-983040.0,1733882949515
8,1,0.25,0.0,0.0,1.0,1.0,0.0,-0.03855560392863999,-983040.0,1733882949515
8,1,0.25,0.0,1.0,0.75,0.75,0.0,-0.0374614723231784,-983040.0,1733882949515
46,1,1.0,0.75,1.0,0.25,0.25,0.0,-0.2658841294619407,-786432.0,1733883439938
46,1,1.0,0.5,0.75,0.25,0.25,0.0,-0.24606222694519006,-786432.0,1733883439938
46,1,1.0,0.5,0.0,0.0,0.25,0.8,-0.18193408240353717,-786432.0,1733883439938
45,1,1.0,0.75,0.0,0.25,0.25,0.0,-0.17682005920146773,-786432.0,1733883439938
38,1,0.5,0.25,0.5,0.75,1.0,0.6,-0.17357653345243806,-786432.0,1733883439938
42,1,0.0,0.0,0.0,0.5,0.75,0.0,-0.16281868645322686,-983040.0,1733883439938
46,1,1.0,0.5,0.75,1.0,0.25,0.0,-0.24606222694519006,-786432.0,1733883439938
44,1,0.0,0.0,0.75,1.0,0.25,0.2,-0.16507505530747044,-983040.0,1733883439938
44,1,0.0,0.0,1.0,1.0,0.0,0.0,-0.16281868645322686,-983040.0,1733883439938
36,1,0.0,0.0,0.75,1.0,0.25,0.0,-0.17338364792706676,-786432.0,1733883439938
8,1,0.25,0.0,1.0,0.75,0.25,0.8,-0.0374614723231784,-983040.0,1733883805429
7,1,0.25,0.0,1.0,1.0,0.0,0.8,-0.0374614723231784,-983040.0,1733883805429
8,1,0.25,0.0,1.0,0.75,0.5,0.4,-0.0374614723231784,-983040.0,1733883805429
34,1,0.75,0.0,1.0,1.0,0.25,0.2,-0.1950064088809388,-786432.0,1733883805429
7,1,0.5,0.0,0.75,0.75,0.0,0.8,-0.0374614723231784,-983040.0,1733883805429
8,1,0.5,0.0,1.0,0.75,0.5,0.0,-0.0374614723231784,-983040.0,1733883805429
7,1,0.25,0.0,0.75,1.0,0.0,0.8,-0.0374614723231784,-983040.0,1733883805429
24,1,0.25,0.75,0.25,0.75,0.5,0.0,-0.12309791048878213,-786432.0,1733883805429
8,1,0.5,0.0,1.0,1.0,0.75,0.0,-0.0374614723231784,-983040.0,1733883805429
23,1,0.5,0.5,0.75,0.0,0.75,0.0,-0.20276215560816221,-786432.0,1733883805429
7,1,0.25,0.0,0.5,0.5,0.0,0.6,-0.0374614723231784,-983040.0,1733884247961
7,1,0.5,0.0,0.25,0.5,0.25,0.6,-0.0374614723231784,-983040.0,1733884247961
7,1,0.25,0.0,0.0,0.0,0.25,0.6,-0.03855560392863999,-983040.0,1733884247961
7,1,0.25,0.0,0.0,0.0,0.5,0.6,-0.06740794546395867,-983040.0,1733884247961
7,1,0.5,0.0,0.25,0.0,0.5,0.8,-0.03843655538112206,-983040.0,1733884247961
47,1,1.0,0.75,1.0,0.75,0.25,0.0,-0.2658841294619407,-786432.0,1733884247961
7,1,0.25,0.0,0.0,0.0,0.75,0.6,-0.06740794546395867,-983040.0,1733884247961
7,1,0.0,0.0,0.25,0.0,0.5,0.8,-0.1016408692068997,-786432.0,1733884247961
7,1,0.0,0.0,0.0,0.0,1.0,0.6,-0.11276790297319757,-786432.0,1733884247961
14,1,0.0,0.25,0.25,0.0,0.25,0.0,-0.2185992510803848,-786432.0,1733884247961
45,1,1.0,1.0,1.0,0.75,0.25,0.0,-0.2555616788921292,-786432.0,1733884596008
48,1,1.0,1.0,1.0,0.25,0.0,0.0,-0.17084967717960994,-786432.0,1733884596008
48,1,1.0,0.75,1.0,0.25,0.25,0.0,-0.24332566467166147,-786432.0,1733884596008
45,1,0.75,1.0,1.0,1.0,0.25,0.0,-0.22362035541784425,-786432.0,1733884596008
48,1,1.0,0.75,1.0,0.75,0.25,0.0,-0.24332566467166147,-786432.0,1733884596008
45,1,0.75,0.75,1.0,0.25,0.25,0.0,-0.22491410484143043,-786432.0,1733884596008
47,1,1.0,0.75,1.0,1.0,0.25,0.0,-0.2658841294619407,-786432.0,1733884596008
47,1,1.0,0.75,1.0,0.25,0.25,0.0,-0.2658841294619407,-786432.0,1733884596008
46,1,0.5,0.0,1.0,1.0,0.25,0.0,-0.13230995350877328,-786432.0,1733884596008
46,1,0.0,0.0,1.0,1.0,0.25,0.0,-0.17188622732947154,-983040.0,1733884596008
9,1,0.25,0.0,0.0,1.0,0.0,0.0,-0.06758848321724424,-983040.0,1733885037945
9,1,0.25,0.0,0.25,0.0,0.0,0.0,-0.15021544356423133,-786432.0,1733885037945
9,1,1.0,0.0,0.0,0.0,0.0,0.0,-0.12961649351438015,-786432.0,1733885037945
11,1,1.0,0.25,0.5,1.0,0.0,0.0,-0.1325396468706097,-786432.0,1733885037945
9,1,0.25,0.0,0.75,0.75,0.0,0.0,-0.03855560392863999,-983040.0,1733885037945
9,1,0.25,0.0,0.75,0.5,0.0,0.8,-0.0374614723231784,-983040.0,1733885037945
11,1,0.0,0.25,0.5,0.0,0.0,0.0,-0.14608483778811546,-786432.0,1733885037945
9,1,0.25,0.0,0.25,1.0,0.0,0.4,-0.0374614723231784,-983040.0,1733885037945
10,1,0.0,0.25,1.0,0.0,0.0,0.0,-0.15708976564150634,-786432.0,1733885037945
7,1,0.25,0.0,0.25,0.5,0.0,0.8,-0.0374614723231784,-983040.0,1733885037945
46,1,1.0,0.75,1.0,0.5,0.25,0.0,-0.2658841294619407,-786432.0,1733885379737
46,1,1.0,0.75,0.75,0.25,0.25,0.0,-0.266012234437253,-786432.0,1733885379737
47,1,1.0,0.75,1.0,0.5,0.25,0.0,-0.2658841294619407,-786432.0,1733885379737
47,1,1.0,0.5,0.75,0.25,0.0,0.0,-0.18193408240353717,-786432.0,1733885379737
47,1,1.0,0.75,1.0,0.0,0.25,0.0,-0.17682005920146773,-786432.0,1733885379737
47,1,0.75,0.0,0.5,0.0,0.25,0.2,-0.16853822872897722,-786432.0,1733885379737
47,1,0.5,0.0,0.5,0.0,0.0,0.8,-0.19179437177099537,-786432.0,1733885379737
47,1,0.0,0.0,0.5,0.5,0.75,0.2,-0.16507505530747044,-983040.0,1733885379737
23,1,0.75,1.0,0.0,1.0,0.0,0.4,-0.1358460335385488,-786432.0,1733885379737
47,1,0.0,0.0,0.5,0.0,1.0,0.6,-0.17191308557381899,-983040.0,1733885379737
13,1,0.5,1.0,0.75,0.75,1.0,0.4,-0.13146331553899915,-786432.0,1733885900699
10,1,0.25,1.0,1.0,0.75,1.0,0.2,-0.09951682101026076,-786432.0,1733885900699
14,1,1.0,0.5,0.25,0.25,0.0,0.2,-0.17453748582066514,-786432.0,1733885900699
8,1,0.25,1.0,1.0,0.0,1.0,0.0,-0.0374614723231784,-983040.0,1733885900699
8,1,0.25,0.25,1.0,0.75,0.0,0.0,-0.07946984195023588,-786432.0,1733885900699
14,1,1.0,0.5,1.0,0.75,0.25,0.0,-0.202610512694825,-786432.0,1733885900699
14,1,1.0,1.0,1.0,1.0,1.0,0.0,-0.2559588133464442,-786432.0,1733885900699
8,1,0.25,0.5,0.75,0.75,0.0,0.0,-0.0374614723231784,-983040.0,1733885900699
8,1,0.25,0.75,0.75,0.0,0.25,0.0,-0.0374614723231784,-983040.0,1733885900699
15,1,1.0,0.75,1.0,1.0,0.25,0.0,-0.17443261801819618,-786432.0,1733885900699
47,1,1.0,0.75,0.75,0.75,1.0,0.0,-0.266012234437253,-786432.0,1733886241815
47,1,1.0,0.75,1.0,1.0,1.0,0.0,-0.2658841294619407,-786432.0,1733886241815
50,1,1.0,0.5,0.5,0.0,1.0,0.0,-0.17520672262580808,-786432.0,1733886241815
50,1,1.0,1.0,0.25,1.0,0.75,0.0,-0.239707583252236,-786432.0,1733886241815
50,1,1.0,0.75,1.0,1.0,0.25,0.0,-0.24332566467166147,-786432.0,1733886241815
49,1,1.0,0.0,0.75,0.75,1.0,0.8,-0.23779743482355753,-786432.0,1733886241815
49,1,0.25,0.0,0.75,0.0,0.25,0.8,-0.11826300688823937,-786432.0,1733886241815
49,1,0.0,0.0,1.0,0.5,0.25,0.8,-0.16507505530747044,-983040.0,1733886241815
49,1,0.0,0.0,1.0,0.75,0.25,0.8,-0.16507505530747044,-983040.0,1733886241815
50,1,0.0,0.0,1.0,0.75,0.75,0.6,-0.16507505530747044,-983040.0,1733886241815
50,1,0.0,0.0,0.0,0.75,1.0,0.4,-0.17188622732947154,-983040.0,1733887057630
50,1,0.0,0.0,0.0,1.0,0.75,0.6,-0.17188622732947154,-983040.0,1733887057630
38,1,0.25,0.25,1.0,0.0,1.0,0.6,-0.1079038242298872,-786432.0,1733887057630
50,1,0.75,0.0,0.0,1.0,1.0,0.8,-0.18127349194605646,-786432.0,1733887057630
18,1,1.0,0.25,0.75,1.0,0.5,0.0,-0.15139496909719807,-786432.0,1733887057630
50,1,0.75,0.5,0.0,1.0,0.25,0.6,-0.19836222270934947,-786432.0,1733887057630
50,1,1.0,0.25,0.0,1.0,1.0,0.6,-0.2525730662130475,-786432.0,1733887057630
48,1,1.0,0.25,0.0,1.0,1.0,0.8,-0.2525730662130475,-786432.0,1733887057630
9,1,0.25,0.75,0.75,0.5,0.25,0.8,-0.283590642321584,-786432.0,1733887057630
38,1,0.0,0.25,0.25,1.0,1.0,0.6,-0.25356102353340965,-786432.0,1733887057630
10,1,0.25,0.0,0.0,0.0,0.25,0.8,-0.03855560392863999,-983040.0,1733887881610
10,1,0.25,0.0,0.5,1.0,0.0,0.8,-0.0374614723231784,-983040.0,1733887881610
10,1,0.25,0.75,0.0,0.5,0.0,0.8,-0.0374614723231784,-983040.0,1733887881610
9,1,0.25,1.0,0.0,0.0,0.5,0.8,-0.0374614723231784,-983040.0,1733887881610
7,1,0.25,0.0,0.0,0.0,0.25,0.8,-0.03855560392863999,-983040.0,1733887881610
10,1,0.25,0.0,0.75,0.75,0.25,0.8,-0.10862812311132078,-786432.0,1733887881610
10,1,0.25,0.0,0.75,1.0,0.5,0.0,-0.0374614723231784,-983040.0,1733887881610
10,1,0.25,0.0,0.0,1.0,1.0,0.0,-0.03855560392863999,-983040.0,1733887881610
50,1,0.5,1.0,0.75,0.5,0.5,0.0,-0.1962530424851897,-786432.0,1733887881610
9,1,0.25,0.25,0.5,0.75,0.25,0.8,-0.21503793387480058,-786432.0,1733887881610
11,1,0.25,0.0,0.5,0.0,0.25,0.6,-0.0374614723231784,-983040.0,1733888323984
11,1,0.25,0.0,0.0,0.25,0.25,0.6,-0.0374614723231784,-983040.0,1733888323984
11,1,0.25,0.0,0.0,1.0,0.0,0.4,-0.03855560392863999,-983040.0,1733888323984
11,1,0.25,0.0,0.0,0.0,0.5,0.8,-0.03855560392863999,-983040.0,1733888323984
11,1,0.25,0.0,0.0,0.25,1.0,0.8,-0.03855560392863999,-983040.0,1733888323984
11,1,0.25,0.0,0.0,0.0,1.0,0.6,-0.06862852621572618,-983040.0,1733888323984
11,1,0.0,0.0,0.5,0.25,1.0,0.6,-0.1512969317374167,-786432.0,1733888323984
11,1,0.0,0.75,0.5,0.75,1.0,0.6,-0.19938310469039436,-786432.0,1733888323984
11,1,0.5,0.0,0.0,0.25,0.75,0.8,-0.0374614723231784,-983040.0,1733888323984
21,1,0.25,0.0,0.0,0.25,0.0,0.6,-0.03855560392863999,-983040.0,1733888323984
